id,first_name,last_name,marketing
5,Paola,Bestiman,1
12,Ashely,Ruscoe,1
17,Isador,Bearfoot,1
28,Dennison,Freed,1
40,Trent,Leith,1
47,Sidonnie,Tunnacliffe,1
54,Boyd,Jenicke,1
55,Kevyn,Paddington,1
60,Vanni,Stebles,1
65,Herman,Manuelli,1
66,Matteo,Gazzard,1
96,Rebecca,Ebanks,1
100,Laetitia,Crohan,1
1,Etienne,Lammers,2
11,Keven,Fynn,2
15,Nealy,Flippen,2
19,Maddy,Elijahu,2
32,Thaddeus,Nolot,2
58,Davide,Baulk,2
93,Therese,Leadbetter,2
9,Evita,Pegg,3
10,Sigismund,Hurlestone,3
22,Margareta,McCarrick,3
37,Scarlet,Towriss,3
39,Georgia,Dat,3
43,Jeramie,Senchenko,3
52,Terese,Huffadine,3
57,Geneva,Scriver,3
63,Frances,Swancott,3
64,Salomone,Giacubbo,3
69,Marietta,Kohrt,3
76,Glory,MacKall,3
80,Priscella,Tildesley,3
90,Shanna,Wrankmore,3
91,Cort,Foresight,3
95,Archibold,Ilyunin,3
20,Gregorius,Malam,4
41,Brantley,Moncreif,4
42,Ailyn,Ranaghan,4
49,Cybill,Wands,4
50,Faydra,O'Mailey,4
51,Andrej,Domniney,4
77,Sig,Gwinnett,4
83,Jaime,Goreway,4
97,Kristopher,Hallsworth,4
6,Ashlen,Waker,5
7,Larry,Cornwall,5
21,Donetta,Rue,5
27,Guthrie,Salvatore,5
35,Florri,Sussex,5
36,Vassily,Dufour,5
38,Brandice,Dunkerley,5
68,Allyn,Faro,5
71,Leonidas,Matuszewski,5
75,Devlin,Grzelewski,5
92,Wally,Mea,5
13,Piotr,Wurst,6
25,Arlen,Haslock(e),6
61,Ally,Pregel,6
82,Shawna,Gimson,6
88,Sawyere,Golightly,6
98,Vivia,Barraclough,6
4,Madison,Headly,7
8,Neville,Hawkswood,7
14,Anders,Reaveley,7
31,Cyndy,Overpool,7
53,Lyndsie,Fradgley,7
59,Regan,Klezmski,7
62,Elianora,Drage,7
73,Lonni,Marran,7
84,Earvin,Shank,7
99,Gaile,Baly,7
3,Perla,Fere,8
23,Bryant,Birkett,8
45,Merle,Glentworth,8
46,Shelton,Bockh,8
72,Robby,Greser,8
79,Harriot,Itzkovsky,8
89,Valene,Laible,8
18,Corney,Varran,9
29,Crichton,Boarder,9
30,Lindi,Baunton,9
33,Luisa,Brainsby,9
48,Gertrud,Anelay,9
70,Caitlin,Brainsby,9
74,Alica,Dwyer,9
78,Karon,Ranscomb,9
81,Brett,Lindroos,9
85,Goldina,Brunton,9
87,Tonya,Toon,9
2,Minta,Hedger,10
16,Tallie,Bortol,10
24,Parsifal,Iacapucci,10
26,Trace,Jammet,10
34,Dorolisa,Juara,10
44,Verge,Rambaut,10
56,Iormina,Nettle,10
67,Korella,Janaud,10
86,Arie,Middlemiss,10
94,Shelbi,Blasi,10
